{
    " Not-in-family": {
        "precision": 0.875,
        "recall": 0.4095744680851064,
        "fbeta": 0.5579710144927537
    },
    " Wife": {
        "precision": 0.7441860465116279,
        "recall": 0.6713286713286714,
        "fbeta": 0.7058823529411765
    },
    " Husband": {
        "precision": 0.7925851703406813,
        "recall": 0.6760683760683761,
        "fbeta": 0.7297047970479705
    },
    " Unmarried": {
        "precision": 0.9285714285714286,
        "recall": 0.28888888888888886,
        "fbeta": 0.44067796610169485
    },
    " Own-child": {
        "precision": 0.6666666666666666,
        "recall": 0.23529411764705882,
        "fbeta": 0.3478260869565218
    },
    " Other-relative": {
        "precision": 0.8,
        "recall": 0.5,
        "fbeta": 0.6153846153846154
    }
}