{
    "precision": 0.7848,
    "recall": 0.6220672162333545,
    "fbeta": 0.694021931376017
}