{
    "precision": 0.7943548387096774,
    "recall": 0.6269891788669637,
    "fbeta": 0.7008182141586624
}