{
    "precision": 0.7879269261318507,
    "recall": 0.6314449395289624,
    "fbeta": 0.7010600706713781
}